{
  // Use IntelliSense to learn about possible attributes.
  // Hover to view descriptions of existing attributes.
  // For more information, visit: https://go.microsoft.com/fwlink/?linkid=830387
  "version": "0.2.0",
  "configurations": [
    
    {
      "type": "java",
      "name": "ProductStreamExample",
      "request": "launch",
      "mainClass": "ProductStreamExample",
      "projectName": "my-project_7f49e793"
    },
    {
      "type": "java",
      "name": "StudentStream",
      "request": "launch",
      "mainClass": "StudentStream",
      "projectName": "my-project_7f49e793"
    },
    {
      "type": "java",
      "name": "EmployeeSorting",
      "request": "launch",
      "mainClass": "EmployeeSorting",
      "projectName": "my-project_7f49e793"
    },
    {
      "type": "java",
      "name": "Main",
      "request": "launch",
      "mainClass": "Main",
      "projectName": "my-project_7f49e793"
    }
  ]
}